-- phpMyAdmin SQL Dump
-- version 5.0.2
-- https://www.phpmyadmin.net/
--
-- Host: 127.0.0.1
-- Waktu pembuatan: 23 Nov 2020 pada 09.56
-- Versi server: 10.4.13-MariaDB
-- Versi PHP: 7.4.8

SET SQL_MODE = "NO_AUTO_VALUE_ON_ZERO";
START TRANSACTION;
SET time_zone = "+00:00";


/*!40101 SET @OLD_CHARACTER_SET_CLIENT=@@CHARACTER_SET_CLIENT */;
/*!40101 SET @OLD_CHARACTER_SET_RESULTS=@@CHARACTER_SET_RESULTS */;
/*!40101 SET @OLD_COLLATION_CONNECTION=@@COLLATION_CONNECTION */;
/*!40101 SET NAMES utf8mb4 */;

--
-- Database: `pelanggaran_siswa`
--

-- --------------------------------------------------------

--
-- Struktur dari tabel `detail_pelanggaran_siswa`
--

CREATE TABLE `detail_pelanggaran_siswa` (
  `id_pelanggaran_siswa` int(11) NOT NULL,
  `id_pelanggaran` int(11) NOT NULL
) ENGINE=InnoDB DEFAULT CHARSET=utf8mb4;

--
-- Dumping data untuk tabel `detail_pelanggaran_siswa`
--

INSERT INTO `detail_pelanggaran_siswa` (`id_pelanggaran_siswa`, `id_pelanggaran`) VALUES
(8, 1),
(8, 2),
(9, 1),
(9, 2);

-- --------------------------------------------------------

--
-- Struktur dari tabel `pelanggaran`
--

CREATE TABLE `pelanggaran` (
  `id_pelanggaran` int(11) NOT NULL,
  `nama_pelanggaran` varchar(300) NOT NULL,
  `poin` double NOT NULL
) ENGINE=InnoDB DEFAULT CHARSET=utf8mb4;

--
-- Dumping data untuk tabel `pelanggaran`
--

INSERT INTO `pelanggaran` (`id_pelanggaran`, `nama_pelanggaran`, `poin`) VALUES
(1, 'tidak memakai topi', 10),
(2, 'tidak memakai sabuk', 20);

-- --------------------------------------------------------

--
-- Struktur dari tabel `pelanggaran_siswa`
--

CREATE TABLE `pelanggaran_siswa` (
  `id_pelanggaran_siswa` int(11) NOT NULL,
  `waktu` datetime NOT NULL,
  `id_siswa` int(11) NOT NULL,
  `id_user` int(11) NOT NULL
) ENGINE=InnoDB DEFAULT CHARSET=utf8mb4;

--
-- Dumping data untuk tabel `pelanggaran_siswa`
--

INSERT INTO `pelanggaran_siswa` (`id_pelanggaran_siswa`, `waktu`, `id_siswa`, `id_user`) VALUES
(7, '2020-11-23 10:01:57', 6, 4),
(8, '2020-11-23 10:04:08', 6, 4),
(9, '2020-11-23 15:01:12', 1, 4);

-- --------------------------------------------------------

--
-- Struktur dari tabel `siswa`
--

CREATE TABLE `siswa` (
  `id_siswa` int(11) NOT NULL,
  `nis` varchar(20) NOT NULL,
  `nama_siswa` varchar(300) NOT NULL,
  `kelas` varchar(300) NOT NULL,
  `poin` double NOT NULL
) ENGINE=InnoDB DEFAULT CHARSET=utf8mb4;

--
-- Dumping data untuk tabel `siswa`
--

INSERT INTO `siswa` (`id_siswa`, `nis`, `nama_siswa`, `kelas`, `poin`) VALUES
(1, '100', 'Nesta', 'XII RPL 1', 10),
(2, '110', 'Abi', 'XII RPL 2', 5),
(3, '120', 'Dana', 'XII RPL 3', 25),
(4, '130', 'April', 'XII RPL 4', 20),
(5, '140', 'Iis', 'XII RPL 5', 10),
(6, '150', 'Salma', 'XII RPL 6', 30);

-- --------------------------------------------------------

--
-- Struktur dari tabel `user`
--

CREATE TABLE `user` (
  `id_user` int(11) NOT NULL,
  `nama_user` varchar(300) NOT NULL,
  `username` varchar(300) NOT NULL,
  `password` varchar(300) NOT NULL
) ENGINE=InnoDB DEFAULT CHARSET=utf8mb4;

--
-- Dumping data untuk tabel `user`
--

INSERT INTO `user` (`id_user`, `nama_user`, `username`, `password`) VALUES
(4, 'islanty', 'islanty04', '12345678');

--
-- Indexes for dumped tables
--

--
-- Indeks untuk tabel `detail_pelanggaran_siswa`
--
ALTER TABLE `detail_pelanggaran_siswa`
  ADD KEY `id_pelanggaran_siswa` (`id_pelanggaran_siswa`),
  ADD KEY `id_pelanggaran` (`id_pelanggaran`);

--
-- Indeks untuk tabel `pelanggaran`
--
ALTER TABLE `pelanggaran`
  ADD PRIMARY KEY (`id_pelanggaran`);

--
-- Indeks untuk tabel `pelanggaran_siswa`
--
ALTER TABLE `pelanggaran_siswa`
  ADD PRIMARY KEY (`id_pelanggaran_siswa`),
  ADD KEY `id_siswa` (`id_siswa`),
  ADD KEY `id_user` (`id_user`),
  ADD KEY `id_user_2` (`id_user`);

--
-- Indeks untuk tabel `siswa`
--
ALTER TABLE `siswa`
  ADD PRIMARY KEY (`id_siswa`);

--
-- Indeks untuk tabel `user`
--
ALTER TABLE `user`
  ADD PRIMARY KEY (`id_user`);

--
-- AUTO_INCREMENT untuk tabel yang dibuang
--

--
-- AUTO_INCREMENT untuk tabel `pelanggaran`
--
ALTER TABLE `pelanggaran`
  MODIFY `id_pelanggaran` int(11) NOT NULL AUTO_INCREMENT, AUTO_INCREMENT=4;

--
-- AUTO_INCREMENT untuk tabel `pelanggaran_siswa`
--
ALTER TABLE `pelanggaran_siswa`
  MODIFY `id_pelanggaran_siswa` int(11) NOT NULL AUTO_INCREMENT, AUTO_INCREMENT=10;

--
-- AUTO_INCREMENT untuk tabel `siswa`
--
ALTER TABLE `siswa`
  MODIFY `id_siswa` int(11) NOT NULL AUTO_INCREMENT, AUTO_INCREMENT=8;

--
-- AUTO_INCREMENT untuk tabel `user`
--
ALTER TABLE `user`
  MODIFY `id_user` int(11) NOT NULL AUTO_INCREMENT, AUTO_INCREMENT=6;

--
-- Ketidakleluasaan untuk tabel pelimpahan (Dumped Tables)
--

--
-- Ketidakleluasaan untuk tabel `detail_pelanggaran_siswa`
--
ALTER TABLE `detail_pelanggaran_siswa`
  ADD CONSTRAINT `detail_pelanggaran_siswa_ibfk_1` FOREIGN KEY (`id_pelanggaran`) REFERENCES `pelanggaran` (`id_pelanggaran`),
  ADD CONSTRAINT `detail_pelanggaran_siswa_ibfk_2` FOREIGN KEY (`id_pelanggaran_siswa`) REFERENCES `pelanggaran_siswa` (`id_pelanggaran_siswa`);

--
-- Ketidakleluasaan untuk tabel `pelanggaran_siswa`
--
ALTER TABLE `pelanggaran_siswa`
  ADD CONSTRAINT `pelanggaran_siswa_ibfk_1` FOREIGN KEY (`id_siswa`) REFERENCES `siswa` (`id_siswa`),
  ADD CONSTRAINT `pelanggaran_siswa_ibfk_2` FOREIGN KEY (`id_user`) REFERENCES `user` (`id_user`);
COMMIT;

/*!40101 SET CHARACTER_SET_CLIENT=@OLD_CHARACTER_SET_CLIENT */;
/*!40101 SET CHARACTER_SET_RESULTS=@OLD_CHARACTER_SET_RESULTS */;
/*!40101 SET COLLATION_CONNECTION=@OLD_COLLATION_CONNECTION */;
